
{
   "allowSleep" : true,
   "autoClearForces" : true,
   "body" : 
   [
      
      {
         "angle" : 0,
         "angularVelocity" : 0,
         "awake" : true,
         "customProperties" : 
         [
            
            {
               "int" : 18,
               "name" : "boxIndex"
            },
            
            {
               "int" : 1,
               "name" : "collisionGroup"
            }
         ],
         "fixture" : 
         [
            
            {
               "density" : 1,
               "friction" : 0.2000000029802322,
               "name" : "fixture1",
               "polygon" : 
               {
                  "vertices" : 
                  {
                     "x" : 
                     [
                        1.775001525878906,
                        1.775001525878906,
                        -1.77502441406250,
                        -1.77502441406250
                     ],
                     "y" : 
                     [
                        -1.775011658668518,
                        1.775012731552124,
                        1.775012731552124,
                        -1.775011658668518
                     ]
                  }
               },
               "sensor" : true
            }
         ],
         "linearVelocity" : 0,
         "name" : "finish",
         "position" : 
         {
            "x" : 111.8464736938477,
            "y" : 1.149292707443237
         },
         "type" : 0
      },
      
      {
         "angle" : 0,
         "angularVelocity" : 0,
         "awake" : true,
         "customProperties" : 
         [
            
            {
               "name" : "bodyType",
               "string" : "skyLight"
            }
         ],
         "fixture" : 
         [
            
            {
               "circle" : 
               {
                  "center" : 0,
                  "radius" : 0.09853829443454742
               },
               "density" : 1,
               "friction" : 0.2000000029802322,
               "name" : "fixture2"
            }
         ],
         "linearVelocity" : 0,
         "massData-I" : 0.0001480948849348351,
         "massData-mass" : 0.03050422295928001,
         "name" : "skyLight",
         "position" : 
         {
            "x" : 13.11219978332520,
            "y" : 30.38050079345703
         },
         "type" : 2
      },
      
      {
         "angle" : 0,
         "angularVelocity" : 0,
         "awake" : true,
         "customProperties" : 
         [
            
            {
               "int" : 1,
               "name" : "boxIndex"
            },
            
            {
               "int" : 1,
               "name" : "collisionGroup"
            }
         ],
         "fixture" : 
         [
            
            {
               "density" : 1,
               "filter-categoryBits" : 64,
               "filter-maskBits" : 76,
               "friction" : 10.0,
               "name" : "fixture0",
               "polygon" : 
               {
                  "vertices" : 
                  {
                     "x" : 
                     [
                        48.1896972656250,
                        48.11135101318359,
                        -9.711360931396484,
                        -9.632989883422852
                     ],
                     "y" : 
                     [
                        -13.61511039733887,
                        9.378053665161133,
                        9.278053283691406,
                        -13.71511077880859
                     ]
                  }
               }
            }
         ],
         "linearVelocity" : 0,
         "name" : "wallR",
         "position" : 
         {
            "x" : 66.73616027832031,
            "y" : -13.85780906677246
         },
         "type" : 0
      },
      
      {
         "angle" : 0,
         "angularVelocity" : 0,
         "awake" : true,
         "customProperties" : 
         [
            
            {
               "int" : 1,
               "name" : "boxIndex"
            },
            
            {
               "int" : 1,
               "name" : "collisionGroup"
            }
         ],
         "fixture" : 
         [
            
            {
               "density" : 1,
               "filter-categoryBits" : 64,
               "filter-maskBits" : 76,
               "friction" : 10.0,
               "name" : "fixture0",
               "polygon" : 
               {
                  "vertices" : 
                  {
                     "x" : 
                     [
                        15.38969993591309,
                        15.31135082244873,
                        -28.61136054992676,
                        -28.53298950195313
                     ],
                     "y" : 
                     [
                        -13.71511077880859,
                        9.278053283691406,
                        9.178052902221680,
                        -13.8151102066040
                     ]
                  }
               }
            }
         ],
         "linearVelocity" : 0,
         "name" : "wallL",
         "position" : 
         {
            "x" : 19.54129981994629,
            "y" : -13.85779953002930
         },
         "type" : 0
      },
      
      {
         "angle" : 0,
         "angularVelocity" : 0,
         "awake" : true,
         "customProperties" : 
         [
            
            {
               "int" : 6,
               "name" : "boxIndex"
            },
            
            {
               "int" : 3,
               "name" : "collisionGroup"
            }
         ],
         "fixture" : 
         [
            
            {
               "circle" : 
               {
                  "center" : 
                  {
                     "x" : -0.02704238891601563,
                     "y" : -0.03652334213256836
                  },
                  "radius" : 1.213846683502197
               },
               "density" : 1,
               "filter-categoryBits" : 64,
               "filter-maskBits" : 6,
               "friction" : 0.2000000029802322,
               "name" : "Edge",
               "sensor" : true
            }
         ],
         "linearVelocity" : 0,
         "name" : "ledgeSensor",
         "position" : 
         {
            "x" : 57.18833541870117,
            "y" : -5.107785224914551
         },
         "type" : 0
      },
      
      {
         "angle" : 0,
         "angularVelocity" : 0,
         "awake" : true,
         "customProperties" : 
         [
            
            {
               "int" : 5,
               "name" : "boxIndex"
            },
            
            {
               "int" : 3,
               "name" : "collisionGroup"
            }
         ],
         "fixture" : 
         [
            
            {
               "circle" : 
               {
                  "center" : 
                  {
                     "x" : -0.02704238891601563,
                     "y" : -0.03652334213256836
                  },
                  "radius" : 1.213846683502197
               },
               "density" : 1,
               "filter-categoryBits" : 64,
               "filter-maskBits" : 6,
               "friction" : 0.2000000029802322,
               "name" : "Edge",
               "sensor" : true
            }
         ],
         "linearVelocity" : 0,
         "name" : "ledgeSensor",
         "position" : 
         {
            "x" : 34.73482513427734,
            "y" : -5.234501838684082
         },
         "type" : 0
      }
   ],
   "continuousPhysics" : true,