
{
   "allowSleep" : true,
   "autoClearForces" : true,
   "body" : 
   [
      
      {
         "angle" : 0,
         "angularVelocity" : 0,
         "awake" : true,
         "customProperties" : 
         [
            
            {
               "name" : "bodyType",
               "string" : "skyLight"
            }
         ],
         "fixture" : 
         [
            
            {
               "circle" : 
               {
                  "center" : 0,
                  "radius" : 0.09853829443454742
               },
               "density" : 1,
               "friction" : 0.2000000029802322,
               "name" : "fixture2"
            }
         ],
         "linearVelocity" : 0,
         "massData-I" : 0.0001480948849348351,
         "massData-mass" : 0.03050422295928001,
         "name" : "skyLight",
         "position" : 
         {
            "x" : 13.11219978332520,
            "y" : 30.38050079345703
         },
         "type" : 2
      },
      
      {
         "angle" : 0,
         "angularVelocity" : 0,
         "awake" : true,
         "customProperties" : 
         [
            
            {
               "int" : 1,
               "name" : "boxIndex"
            },
            
            {
               "int" : 1,
               "name" : "collisionGroup"
            }
         ],
         "fixture" : 
         [
            
            {
               "density" : 1,
               "filter-categoryBits" : 64,
               "filter-maskBits" : 76,
               "friction" : 10.0,
               "name" : "fixture0",
               "polygon" : 
               {
                  "vertices" : 
                  {
                     "x" : 
                     [
                        48.1896972656250,
                        48.11135101318359,
                        -9.711360931396484,
                        -9.632989883422852
                     ],
                     "y" : 
                     [
                        -13.61511039733887,
                        9.378053665161133,
                        9.278053283691406,
                        -13.71511077880859
                     ]
                  }
               }
            }
         ],
         "linearVelocity" : 0,
         "name" : "wallR",
         "position" : 
         {
            "x" : 78.13616180419922,
            "y" : -13.35781002044678
         },
         "type" : 0
      },
      
      {
         "angle" : 0,
         "angularVelocity" : 0,
         "awake" : true,
         "customProperties" : 
         [
            
            {
               "int" : 6,
               "name" : "boxIndex"
            },
            
            {
               "int" : 3,
               "name" : "collisionGroup"
            }
         ],
         "fixture" : 
         [
            
            {
               "circle" : 
               {
                  "center" : 
                  {
                     "x" : -0.02704238891601563,
                     "y" : -0.03652334213256836
                  },
                  "radius" : 1.213846683502197
               },
               "density" : 1,
               "filter-categoryBits" : 64,
               "filter-maskBits" : 6,
               "friction" : 0.2000000029802322,
               "name" : "Edge",
               "sensor" : true
            }
         ],
         "linearVelocity" : 0,
         "name" : "ledgeSensor",
         "position" : 
         {
            "x" : 68.78833770751953,
            "y" : -4.607785701751709
         },
         "type" : 0
      },
      
      {
         "angle" : 0,
         "angularVelocity" : 0,
         "awake" : true,
         "customProperties" : 
         [
            
            {
               "int" : 1,
               "name" : "boxIndex"
            },
            
            {
               "int" : 1,
               "name" : "collisionGroup"
            }
         ],
         "fixture" : 
         [
            
            {
               "density" : 1,
               "filter-categoryBits" : 64,
               "filter-maskBits" : 76,
               "friction" : 10.0,
               "name" : "fixture0",
               "polygon" : 
               {
                  "vertices" : 
                  {
                     "x" : 
                     [
                        15.38969993591309,
                        15.31135082244873,
                        -28.61136054992676,
                        -28.53298950195313
                     ],
                     "y" : 
                     [
                        -13.71511077880859,
                        9.278053283691406,
                        9.178052902221680,
                        -13.8151102066040
                     ]
                  }
               }
            }
         ],
         "linearVelocity" : 0,
         "name" : "wallL",
         "position" : 
         {
            "x" : 19.64130020141602,
            "y" : -13.35779953002930
         },
         "type" : 0
      },
      
      {
         "angle" : -1.570796370506287,
         "angularVelocity" : 0,
         "awake" : true,
         "customProperties" : 
         [
            
            {
               "int" : 1,
               "name" : "boxIndex"
            },
            
            {
               "int" : 1,
               "name" : "collisionGroup"
            }
         ],
         "fixture" : 
         [
            
            {
               "density" : 1,
               "filter-categoryBits" : 64,
               "filter-maskBits" : 76,
               "friction" : 10.0,
               "name" : "fixture0",
               "polygon" : 
               {
                  "vertices" : 
                  {
                     "x" : 
                     [
                        22.6896972656250,
                        22.61135101318359,
                        -22.41135978698731,
                        -22.33298873901367
                     ],
                     "y" : 
                     [
                        -11.71511173248291,
                        11.27805233001709,
                        11.17805004119873,
                        -11.81510066986084
                     ]
                  }
               }
            }
         ],
         "linearVelocity" : 0,
         "name" : "wallR",
         "position" : 
         {
            "x" : -18.43472862243652,
            "y" : 17.16445350646973
         },
         "type" : 0
      },
      
      {
         "allowSleep" : false,
         "angle" : 0,
         "angularVelocity" : 0,
         "awake" : true,
         "customProperties" : 
         [
            
            {
               "int" : 13,
               "name" : "boxIndex"
            },
            
            {
               "int" : 1,
               "name" : "collisionGroup"
            }
         ],
         "fixture" : 
         [
            
            {
               "density" : 0.50,
               "filter-categoryBits" : 64,
               "filter-maskBits" : 79,
               "friction" : 0.1000000014901161,
               "name" : "fixture32",
               "polygon" : 
               {
                  "vertices" : 
                  {
                     "x" : 
                     [
                        2.849703073501587,
                        2.849703073501587,
                        -2.911961078643799,
                        -2.911961078643799
                     ],