
{
   "allowSleep" : true,
   "autoClearForces" : true,
   "body" : 
   [
      
      {
         "angle" : 0,
         "angularVelocity" : 0,
         "awake" : true,
         "customProperties" : 
         [
            
            {
               "int" : 1,
               "name" : "CollisionGroup"
            },
            
            {
               "int" : 1,
               "name" : "boxIndex"
            },
            
            {
               "int" : 1,
               "name" : "collisionGroup"
            }
         ],
         "fixture" : 
         [
            
            {
               "density" : 1,
               "filter-categoryBits" : 64,
               "filter-maskBits" : 76,
               "friction" : 10.0,
               "name" : "fixture0",
               "polygon" : 
               {
                  "vertices" : 
                  {
                     "x" : 
                     [
                        12.42230033874512,
                        12.42230033874512,
                        -12.41580009460449,
                        -12.41580009460449
                     ],
                     "y" : 
                     [
                        -3.039040088653565,
                        2.898989915847778,
                        2.998990058898926,
                        -2.939039945602417
                     ]
                  }
               }
            }
         ],
         "linearVelocity" : 0,
         "name" : "ground",
         "position" : 
         {
            "x" : -2.552334547042847,
            "y" : -7.898547649383545
         },
         "type" : 0
      },
      
      {
         "angle" : 0,
         "angularVelocity" : 0,
         "awake" : true,
         "fixture" : 
         [
            
            {
               "density" : 1,
               "filter-categoryBits" : 64,
               "filter-maskBits" : 76,
               "friction" : 0.2000000029802322,
               "name" : "fixture0",
               "polygon" : 
               {
                  "vertices" : 
                  {
                     "x" : 
                     [
                        24.22726249694824,
                        24.22726249694824,
                        -24.21458625793457,
                        -24.21458625793457
                     ],
                     "y" : 
                     [
                        -5.927052974700928,
                        5.653911590576172,
                        5.848942756652832,
                        -5.732021808624268
                     ]
                  }
               },
               "sensor" : true
            }
         ],
         "linearVelocity" : 0,
         "name" : "water",
         "position" : 
         {
            "x" : 33.34365463256836,
            "y" : -10.83696556091309
         },
         "type" : 0
      },
      
      {
         "allowSleep" : false,
         "angle" : 0,
         "angularVelocity" : 0,
         "awake" : true,
         "customProperties" : 
         [
            
            {
               "int" : 16,
               "name" : "boxIndex"
            },
            
            {
               "int" : 1,
               "name" : "collisionGroup"
            }
         ],
         "fixture" : 
         [
            
            {
               "density" : 1,
               "friction" : 0.2000000029802322,
               "name" : "fixture2",
               "polygon" : 
               {
                  "vertices" : 
                  {
                     "x" : 
                     [
                        -0.01189565658569336,
                        -0.01189570035785437,
                        -12.58810043334961,
                        -12.58812999725342
                     ],
                     "y" : 
                     [
                        -5.088111877441406,
                        0.4881198406219482,
                        0.4881198406219482,
                        -5.088109970092773
                     ]
                  }
               },
               "sensor" : true
            }
         ],
         "linearVelocity" : 0,
         "massData-I" : 4260.364746093750,
         "massData-center" : 
         {
            "x" : -6.300004959106445,
            "y" : -2.299996614456177
         },
         "massData-mass" : 70.12789916992188,
         "name" : "portal",
         "position" : 
         {
            "x" : 101.7708053588867,
            "y" : 13.40345191955566
         },
         "type" : 2
      },
      
      {
         "angle" : 0,
         "angularVelocity" : 0,
         "awake" : true,
         "fixture" : 
         [
            
            {
               "circle" : 
               {
                  "center" : 0,
                  "radius" : 0.50
               },
               "density" : 1,
               "friction" : 0.2000000029802322,
               "name" : "fixture3"
            }
         ],
         "linearVelocity" : 0,
         "name" : "minY",
         "position" : 
         {
            "x" : 16.55033111572266,
            "y" : -48.24480438232422
         },
         "type" : 0
      },
      
      {
         "angle" : 0,
         "angularVelocity" : 0,
         "awake" : true,
         "fixture" : 
         [
            
            {
               "circle" : 
               {
                  "center" : 0,
                  "radius" : 0.50
               },
               "density" : 1,
               "friction" : 0.2000000029802322,
               "name" : "fixture3"
            }
         ],
         "linearVelocity" : 0,
         "name" : "minX",
         "position" : 
         {
            "x" : -8.602731704711914,
            "y" : 1.410394191741943
         },
         "type" : 0
      },
      
      {
         "angle" : 0,
         "angularVelocity" : 0,
         "awake" : true,
         "customProperties" : 
         [
            
            {
               "int" : 13,
               "name" : "boxIndex"
            },
            
            {
               "int" : 1,
               "name" : "collisionGroup"
            }
         ],
         "fixture" : 
         [
            
            {
               "density" : 2.000000023372195e-007,
               "filter-categoryBits" : 64,
               "filter-maskBits" : 76,
               "friction" : 0.2000000029802322,
               "name" : "fixture1",
               "polygon" : 
               {
                  "vertices" : 
                  {
                     "x" : 
                     [
                        2.519235610961914,
                        2.519235610961914,
                        -2.519218444824219,
                        -2.519218444824219
                     ],
                     "y" : 
                     [
                        -2.519229650497437,
                        2.519230365753174,
                        2.519230365753174,
                        -2.519229650497437
                     ]
                  }
               }
            }
         ],
         "linearVelocity" : 0,
         "massData-I" : 2.148171734006610e-005,
         "massData-center" : 
         {
            "x" : 8.587918273406103e-006,
            "y" : 3.541410649177124e-007
         },
         "massData-mass" : 5.077210062154336e-006,
         "name" : "box",
         "position" : 
         {
            "x" : 18.33172035217285,
            "y" : 3.086915016174316
         },
         "type" : 2
      },
      
      {
         "angle" : 0,
         "angularVelocity" : 0,
         "awake" : true,
         "fixture" : 
         [
            
            {
               "density" : 1,
               "friction" : 0.2000000029802322,
               "name" : "fixture4",